{
  "model_path": "/home/wz/projects/mypro/im_exp/models/Qwen3-0.6B-Base",
  "adapter_dir": "/home/wz/projects/mypro/im_exp/lora/outputs/affine_vocab/phase16_mergeable_tied_combined_rank32_multiseed_20260524_123239/qwen3_06b__seed43__mergeable_tied_combined_rank32_s1_8",
  "input_shape": [
    1,
    15
  ],
  "current_wrapper_vs_merged": {
    "max_abs": 6.008148193359375e-05,
    "mean_abs": 3.1335789572040085e-06,
    "rms": 4.394479674374452e-06
  },
  "transposed_tied_form_vs_merged": {
    "max_abs": 6.008148193359375e-05,
    "mean_abs": 3.1335789572040085e-06,
    "rms": 4.394479674374452e-06
  }
}
