{
  "model_path": "/home/wz/projects/mypro/im_exp/models/Qwen3-1.7B-Base",
  "adapter_dir": "/home/wz/projects/mypro/im_exp/lora/outputs/affine_vocab/ultrachat100k_validation_20260524_172421/qwen3_17b__seed42__mergeable_tied_combined_rank32_s1_8",
  "input_shape": [
    1,
    15
  ],
  "current_wrapper_vs_merged": {
    "max_abs": 5.14984130859375e-05,
    "mean_abs": 5.450285698316293e-06,
    "rms": 7.1103113441495225e-06
  },
  "transposed_tied_form_vs_merged": {
    "max_abs": 5.14984130859375e-05,
    "mean_abs": 5.450285698316293e-06,
    "rms": 7.1103113441495225e-06
  }
}
